Depth [L],Time [Day],Moisture [-]
0,0.0,0.3
0,1.0,0.311756
0,2.0,0.319021
0,3.0,0.319021
0,4.0,0.311756
0,5.0,0.3
-25,0.0,0.289824
-25,1.0,0.30158
-25,2.0,0.308845
-25,3.0,0.308845
-25,4.0,0.30158
-25,5.0,0.289824
-75,0.0,0.272827
-75,1.0,0.284582
-75,2.0,0.291848
-75,3.0,0.291848
-75,4.0,0.284582
-75,5.0,0.272827
-125,0.0,0.25923
-125,1.0,0.270986
-125,2.0,0.278251
-125,3.0,0.278251
-125,4.0,0.270986
-125,5.0,0.25923
